id,topic,question,option_a,option_b,option_c,option_d,correct_letter,correct_text,explanation
1,Exam Technique,The City & Guilds 2382 18th Edition exam is:,"Closed book, 40 questions, 1 hour","Open book, 60 questions, 2 hours","Open book, 50 questions, 90 minutes","Closed book, 60 questions, 3 hours",B,"Open book, 60 questions, 2 hours","It's open book — your copy of BS 7671 plus a calculator — 60 questions, 2 hours."
2,Exam Technique,"What is the typical minimum pass mark, and the score you should really be aiming for?","40%, aim 50%","50%, aim 60%","60%, aim 80%","75%, aim 90%",C,"60%, aim 80%",Pass marks can vary slightly by cohort — treat 60% as the floor and aim well above it.
3,Exam Technique,"Because the exam is open-book, your revision time is best spent:",Memorising every table value word for word,Learning the structure of the book and practising finding the right clause/table quickly,Ignoring the book entirely,Reading only Part 1,B,Learning the structure of the book and practising finding the right clause/table quickly,"The real skill tested is fast, accurate navigation and application — not rote recall."
4,Exam Technique,"If a question gives you numerical data, the safest approach is:",Guess based on similar past questions,Work the calculation through methodically using the correct formula and reference,Pick the middle option,Skip and never return to it,B,Work the calculation through methodically using the correct formula and reference,
5,Exam Technique,Which item is essential to bring to the exam alongside ID?,A laptop,The current edition of BS 7671 and a scientific calculator,A copy of the On-Site Guide only,Your own printed notes,B,The current edition of BS 7671 and a scientific calculator,Check your exam centre's exact permitted-materials list beforehand — some restrict which additional guides are allowed.
6,Definitions & Terms,"""Basic protection"" refers to protection against electric shock:",Under a single fault condition,"Under normal, fault-free conditions",Only in special locations,Only for SELV circuits,B,"Under normal, fault-free conditions","Fault protection is the single-fault-condition case (ADS, earthing, bonding)."
7,Definitions & Terms,"What does ""Zs"" represent?",The impedance of the earth electrode only,The total earth fault loop impedance (external + internal),The prospective short-circuit current,The resistance of the line conductor only,B,The total earth fault loop impedance (external + internal),Zs = Ze + (R1 + R2).
8,Definitions & Terms,PME stands for:,Protective Multiple Earthing,Portable Mains Equipment,Primary Motor Enclosure,Permanent Main Earth,A,Protective Multiple Earthing,PME describes a TN-C-S supply where the combined PEN conductor is earthed at multiple points by the DNO.
9,Definitions & Terms,"In a TT earthing system, the installation's means of earthing is provided by:",The supply cable sheath,A PEN conductor from the DNO,A local earth electrode,Bonding to gas and water pipes only,C,A local earth electrode,
10,Definitions & Terms,SELV is defined as:,"A system not exceeding 50V a.c., electrically separated from earth and other systems",Any circuit protected by an RCD,A circuit with a functional earth connection,A 110V site supply,A,"A system not exceeding 50V a.c., electrically separated from earth and other systems",
11,Definitions & Terms,"""Prospective fault current"" (PFC) is:",The current that would flow for a fault of negligible impedance,The maximum current a cable can carry continuously,The rated current of the protective device,The design current of the circuit,A,The current that would flow for a fault of negligible impedance,
12,Definitions & Terms,"A ""competent person"" under BS 7671 is someone who:",Holds a City & Guilds 2382 certificate only,"Has the skill, knowledge and experience to avoid danger to themselves and others",Is employed by a DNO,Has more than 10 years' experience regardless of training,B,"Has the skill, knowledge and experience to avoid danger to themselves and others",
13,Definitions & Terms,"The term ""exposed-conductive-part"" describes:","A touchable conductive part, not normally live, that can become live under fault conditions","Any conductive part of the installation, live or not",A live conductor with damaged insulation,The earth electrode,A,"A touchable conductive part, not normally live, that can become live under fault conditions",
14,Definitions & Terms,"An ""extraneous-conductive-part"" is:",Part of the electrical installation,"A conductive part liable to introduce a potential, not forming part of the electrical installation (e.g. structural steel)",A protective conductor,A bonding conductor,B,"A conductive part liable to introduce a potential, not forming part of the electrical installation (e.g. structural steel)",
15,Definitions & Terms,"What is a ""circuit protective conductor"" (cpc)?",The conductor connecting exposed-conductive-parts to the main earthing terminal,The line conductor of a final circuit,A conductor used only for functional earthing,The neutral conductor,A,The conductor connecting exposed-conductive-parts to the main earthing terminal,
16,Definitions & Terms,RCBO is an abbreviation for:,A device combining overcurrent and residual current protection in one unit,Ring Circuit Breaker Outlet,Radial Circuit Bonding Outlet,Residual Current Bonded Outlet,A,A device combining overcurrent and residual current protection in one unit,
17,Definitions & Terms,"""Diversity"" in an electrical installation refers to:",The requirement to use different cable types on every circuit,The allowance made because not all connected loads run simultaneously at full demand,A type of earthing arrangement,The variation in supply voltage,B,The allowance made because not all connected loads run simultaneously at full demand,
18,Assessing Characteristics,Part 3 (Assessment of General Characteristics) requires the designer to consider all of the following EXCEPT:,"Purpose, supplies and structure of the installation","External influences (ambient temperature, water, etc.)",Compatibility of equipment characteristics,The exact make and model of every light fitting,D,The exact make and model of every light fitting,
19,Assessing Characteristics,"""External influences"", coded AA/AB/AC..., relate to:",The financial cost of the installation,"Environmental conditions affecting equipment selection (temperature, altitude, water, impact)",The supplier's tariff type,The manufacturer's nationality,B,"Environmental conditions affecting equipment selection (temperature, altitude, water, impact)",
20,Assessing Characteristics,"Before working on an existing installation, BS 7671 requires assessment of:",Only the consumer unit,"Supply/installation characteristics likely to affect the design, including maximum demand, earthing arrangement, and condition of equipment to be reused",Nothing — Part 3 is new-build only,The colour of existing cables only,B,"Supply/installation characteristics likely to affect the design, including maximum demand, earthing arrangement, and condition of equipment to be reused",
21,Assessing Characteristics,Maximum demand of an installation is assessed:,By adding the rated current of every appliance with no allowance,"Taking diversity into account, using recognised guidance",By reference to postcode,It is not required under Part 3,B,"Taking diversity into account, using recognised guidance",
22,Assessing Characteristics,Compatibility (Part 3) requires checking that:,All equipment is the same colour,"Equipment characteristics (starting current, harmonics, leakage) won't harmfully affect other equipment or the supply",Only British-made equipment is used,All circuits use the same device rating,B,"Equipment characteristics (starting current, harmonics, leakage) won't harmfully affect other equipment or the supply",
23,Assessing Characteristics,"Which is an example of ""AD"" (presence of water) external-influence classification?",AD4 – splashing,AC2 – altitude,AA5 – high temperature,AB1 – dry,A,AD4 – splashing,
24,Shock Protection (411),"For a TN system, the maximum disconnection time for a final circuit ≤32A is:",0.1s,0.2s,0.4s,5s,C,0.4s,
25,Shock Protection (411),"For a TT system, the maximum disconnection time for a final circuit ≤32A is:",0.2s,0.4s,1s,5s,A,0.2s,
26,Shock Protection (411),"For distribution circuits (and final circuits >32A) on a TN system, the maximum disconnection time is:",0.4s,1s,5s,No limit applies,C,5s,
27,Shock Protection (411),Additional protection by a 30mA RCD (411.3.3) is required for socket outlets ≤32A for use by ordinary persons:,Only in bathrooms,"In all locations, with only very limited listed exceptions",Only for outdoor sockets,Only in commercial premises,B,"In all locations, with only very limited listed exceptions",
28,Shock Protection (411),"In domestic premises, 30mA RCD additional protection is also specifically required for:",AC final circuits supplying luminaires (lighting),Immersion heaters only,Cooker circuits only,Nothing beyond socket outlets,A,AC final circuits supplying luminaires (lighting),Regulation 411.3.4 extended the requirement to domestic lighting circuits.
29,Shock Protection (411),Fault protection (single-fault-condition shock protection) is most commonly achieved by:,Double insulation alone,Automatic Disconnection of Supply (ADS),Warning labels on equipment,SELV only,B,Automatic Disconnection of Supply (ADS),
30,Shock Protection (411),Electrical separation (413) as a protective measure relies on:,"A single circuit from an isolating source, live parts not connected to earth or another circuit",A 30mA RCD,A TT earth electrode,PME bonding,A,"A single circuit from an isolating source, live parts not connected to earth or another circuit",
31,Shock Protection (411),SELV and PELV are protective measures classed under:,Automatic disconnection of supply,Extra-low voltage (both basic and fault protection from the low voltage itself),Electrical separation,Obstacles and placing out of reach,B,Extra-low voltage (both basic and fault protection from the low voltage itself),
32,Shock Protection (411),The nominal voltage limit for SELV/PELV under normal conditions is:,12V a.c.,50V a.c. / 120V ripple-free d.c.,110V d.c.,230V a.c.,B,50V a.c. / 120V ripple-free d.c.,
33,Shock Protection (411),"""Obstacles"" and ""placing out of reach"" as protective measures are:",Permitted for ordinary persons in all installations,Only permitted where supervised/controlled by skilled or instructed persons,Banned entirely under BS 7671,Only used in agricultural locations,B,Only permitted where supervised/controlled by skilled or instructed persons,
34,Shock Protection (411),Basic protection by insulation of live parts requires the insulation to:,Be removable with a standard tool for maintenance,"Only be removable by destruction, solvents or heat — not by hand",Be any colour so long as present,Only cover conductors above 1mm²,B,"Only be removable by destruction, solvents or heat — not by hand",
35,Shock Protection (411),A barrier providing basic protection must give at least a degree of protection of:,"IPXXB (IP2X), or IPXXD on accessible horizontal top surfaces where required",IP44 in all cases,No specific rating is required,IP65 always,A,"IPXXB (IP2X), or IPXXD on accessible horizontal top surfaces where required",
36,Shock Protection (411),Which is correct about RCDs and TT systems?,An RCD is never required on TT if Zs is low enough,"Because Ze is often too high for overcurrent devices alone, an RCD is almost always essential for fault protection",TT systems cannot use RCDs,TT systems don't require an earth electrode,B,"Because Ze is often too high for overcurrent devices alone, an RCD is almost always essential for fault protection",
37,Shock Protection (411),"To confirm automatic disconnection will occur in time on a TN system, you must check:",Only the cable colour,That Zs does not exceed the tabulated maximum for that device and disconnection time,The length of cable only,The consumer unit's diameter,B,That Zs does not exceed the tabulated maximum for that device and disconnection time,
38,Fire & Thermal (42),Arc Fault Detection Devices (AFDDs) are designed to:,Detect overload current only,"Detect arc faults that conventional overcurrent/RCD protection may miss, reducing fire risk",Replace RCDs entirely,Only function on three-phase circuits,B,"Detect arc faults that conventional overcurrent/RCD protection may miss, reducing fire risk",
39,Fire & Thermal (42),"Under Regulation 421.1.7, AFDDs are required as a minimum for certain final circuits ≤32A in premises such as:",Detached bungalows only,HMOs and similarly higher-risk residential premises listed in BS 7671,Garages only,All installations without exception,B,HMOs and similarly higher-risk residential premises listed in BS 7671,
40,Fire & Thermal (42),"Where fitted, an AFDD should be installed:",At the furthest point of the circuit from the origin,At the origin of the final circuit it protects,Only at the main switchboard,In the socket outlet itself only,B,At the origin of the final circuit it protects,
41,Fire & Thermal (42),Regulation 422 deals with:,"Precautions for locations with particular risks — fire, explosion, escape routes, high fire load",Voltage drop only,Cable colours,RCD selection,A,"Precautions for locations with particular risks — fire, explosion, escape routes, high fire load",
42,Fire & Thermal (42),"For a luminaire close to combustible material rated over 300W up to 500W, minimum spacing guidance is broadly around:",0.2m,0.5m,1.0m,2.0m,C,1.0m,"Illustrative bands: ≤100W≈0.5m, >100–300W≈0.8m, >300–500W≈1.0m — confirm current figures."
43,Fire & Thermal (42),"A ""significant quantity"" of flammable liquid, for fire-risk assessment purposes, is generally taken as:",1 litre,10 litres,25 litres,100 litres,C,25 litres,
44,Fire & Thermal (42),"Where a circuit passes through a fire-risk location (e.g. escape route), measures may include:",Ignoring the risk if PVC insulated,"Fire-resistant wiring systems, avoiding combustible surfaces, protection against mechanical damage",Only increasing cable csa,No special measures are ever needed,B,"Fire-resistant wiring systems, avoiding combustible surfaces, protection against mechanical damage",
45,Fire & Thermal (42),Thermal effects requirements (Chapter 42) primarily protect against:,Burns and fire from heat generated by equipment or faults,Voltage drop,Electromagnetic interference,Corrosion of conductors,A,Burns and fire from heat generated by equipment or faults,
46,Fire & Thermal (42),Fixed equipment likely to reach ignition temperatures should be:,Installed with no consideration required,"Positioned/guarded so adjacent materials can't reach a dangerous temperature, or mounted/enclosed to withstand it",Always mounted directly on timber,Wrapped in PVC tape,B,"Positioned/guarded so adjacent materials can't reach a dangerous temperature, or mounted/enclosed to withstand it",
47,Fire & Thermal (42),"For hand-held equipment, the maximum accessible temperature for non-metallic parts liable to be touched is around:",45°C,65°C,90°C,105°C,B,65°C,
48,Overcurrent (43),The basic rule for selecting a protective device against overload (433.1) is:,"Ib ≤ In ≤ Iz, and I2 ≤ 1.45 Iz",Ib = In = Iz always exactly,In must always exceed Iz,Ib has no relationship to Iz,A,"Ib ≤ In ≤ Iz, and I2 ≤ 1.45 Iz",
49,Overcurrent (43),"""Ib"" represents:",The rated current of the protective device,The design current of the circuit,The tabulated current-carrying capacity of the cable,The breaking capacity of the device,B,The design current of the circuit,
50,Overcurrent (43),"""Iz"" represents:",The design current,The rated current of the device,The cable's effective current-carrying capacity in its installed conditions,The prospective fault current,C,The cable's effective current-carrying capacity in its installed conditions,
51,Overcurrent (43),The adiabatic equation for a conductor's thermal withstand under fault is:,S = √(I²t) / k,S = I × t × k,S = k / (I × t),S = √(I × t) / k²,A,S = √(I²t) / k,
52,Overcurrent (43),"Using S=√(I²t)/k, for I=1000A, t=0.4s, k=115, the minimum csa is approximately:",2.75 mm²,5.5 mm²,8.7 mm²,11 mm²,B,5.5 mm²,√(1000²×0.4)=632.5; 632.5/115≈5.5mm².
53,Overcurrent (43),The breaking capacity of a protective device must be:,Less than the prospective fault current at that point,Equal to or greater than the prospective fault current at that point (or backed up per 434.5.1),Ignored if an RCD is fitted,Only relevant for three-phase circuits,B,Equal to or greater than the prospective fault current at that point (or backed up per 434.5.1),
54,Overcurrent (43),"A ""distribution circuit"" (as opposed to a final circuit) is one that:",Directly supplies current-using equipment only,Connects the origin (or a distribution board) to another board/consumer unit supplying final circuits,Only exists in industrial premises,Cannot exceed 32A,B,Connects the origin (or a distribution board) to another board/consumer unit supplying final circuits,
55,Overcurrent (43),"Overload protection may be omitted (433.3) only where, for example:","Consequences of overload are negligible/unlikely, under the specific conditions BS 7671 lists",Never — overload protection is always mandatory with no exceptions,The circuit supplies socket outlets,The customer requests it in writing,A,"Consequences of overload are negligible/unlikely, under the specific conditions BS 7671 lists",
56,Overcurrent (43),Table 43.1 provides:,Voltage drop limits,k-values for the adiabatic equation by conductor/insulation/joint,Zs values for RCDs,Cable colour codes,B,k-values for the adiabatic equation by conductor/insulation/joint,
57,Overcurrent (43),"For a tinned soldered joint in copper with 60°C thermosetting insulation, a commonly referenced k-value example is around:",76,94,122,143,C,122,Exact k-values depend on the specific combination — confirm against the current Table 43.1.
58,"Switching, Isolation & SPDs",Surge Protective Devices (SPDs) protect against:,Overload current only,"Transient overvoltages (e.g. lightning, switching events)",Undervoltage only,Harmonic distortion only,B,"Transient overvoltages (e.g. lightning, switching events)",
59,"Switching, Isolation & SPDs",A risk assessment (or the simplified method) determines:,The colour of cables required,Whether SPDs are required for a given installation,The size of the consumer unit only,Whether RCDs are needed,B,Whether SPDs are required for a given installation,
60,"Switching, Isolation & SPDs",A mechanical maintenance switch (537.3.2.4) must be capable of:,Being operated remotely only,"Being secured OFF (locking, or removal of a fuse/link) to prevent unintended reclosure",Switching under full load only,Isolating the neutral only,B,"Being secured OFF (locking, or removal of a fuse/link) to prevent unintended reclosure",
61,"Switching, Isolation & SPDs",A means of isolation must:,Never be needed if an RCD is fitted,"Disconnect all live supply conductors of the relevant part, and be identifiable and accessible",Only isolate the line conductor,Only be fitted at the main switchboard,B,"Disconnect all live supply conductors of the relevant part, and be identifiable and accessible",
62,"Switching, Isolation & SPDs",A functional switch (e.g. a light switch) is used to:,Provide isolation for maintenance,Control normal operation without necessarily disconnecting all poles,Provide overcurrent protection,Provide fault protection,B,Control normal operation without necessarily disconnecting all poles,
63,"Switching, Isolation & SPDs",Emergency switching devices must operate:,"Slowly, to avoid arcing","Rapidly, by a single action, to remove danger",Only after a time delay,Only when the RCD also trips,B,"Rapidly, by a single action, to remove danger",
64,"Switching, Isolation & SPDs",A switch used for isolation should be installed so that it:,Cannot be inadvertently or accidentally operated by unauthorised persons while isolated,Automatically resets after 30 minutes,Only isolates during working hours,Requires no marking or identification,A,Cannot be inadvertently or accidentally operated by unauthorised persons while isolated,
65,"Switching, Isolation & SPDs",Firefighter's switches (e.g. for discharge-tube signage) are typically:,"Coloured red, accessible to the fire service, with an indicator lamp",Coloured blue with no marking,Located inside a locked switch room only,Not required under BS 7671,A,"Coloured red, accessible to the fire service, with an indicator lamp",
66,"Switching, Isolation & SPDs",BS EN 61439-6 relates to:,Cable colour identification,Busbar trunking systems,RCD test procedures,Insulation resistance testing,B,Busbar trunking systems,
67,Cables & Volt Drop (52),A cable's current-carrying capacity (Iz) is derived from the tabulated value (It) by applying:,"Rating factors for ambient temperature, grouping, thermal insulation etc.",Only the length of the cable,The colour of the cable,The supply voltage only,A,"Rating factors for ambient temperature, grouping, thermal insulation etc.",
68,Cables & Volt Drop (52),A cable in an ambient temperature above the tabulated reference has its capacity:,Increased,"Reduced, via an ambient temperature factor (Ca) less than 1",Unaffected,Doubled,B,"Reduced, via an ambient temperature factor (Ca) less than 1",
69,Cables & Volt Drop (52),A grouping rating factor (Cg) is applied because:,"Grouped cables mutually heat each other, reducing safe current per cable",Grouping always increases capacity,Grouping has no thermal effect,Only three-phase cables are affected,A,"Grouped cables mutually heat each other, reducing safe current per cable",
70,Cables & Volt Drop (52),A cable fully surrounded by thermal insulation has its capacity:,"Increased, since insulation retains heat usefully",Significantly reduced — a thermal insulation factor (Ci) less than 1 applies,Unaffected,Only relevant for SWA cable,B,Significantly reduced — a thermal insulation factor (Ci) less than 1 applies,
71,Cables & Volt Drop (52),"For a 90°C cable at reference ambient 30°C, installed at 40°C, Ca is calculated using:",Ca = (θz−θa)/(θz−θref),Ca = √[(θz−θa)/(θz−θref)],Ca = θz/θa,Ca = θref−θa,B,Ca = √[(θz−θa)/(θz−θref)],Here: √[(90−40)/(90−30)] = √(50/60) ≈ 0.91.
72,Cables & Volt Drop (52),"The recommended maximum voltage drop, origin to load point, for a low-voltage public supply, is generally:","3% for lighting, 5% for other uses",1% for all circuits,10% for all circuits,"5% for lighting, 3% for other uses",A,"3% for lighting, 5% for other uses",
73,Cables & Volt Drop (52),Voltage drop in a cable run is approximately calculated using:,mV/A/m × Ib × length(m) / 1000,Ib × csa only,length × csa,"It can only be measured, not calculated",A,mV/A/m × Ib × length(m) / 1000,
74,Cables & Volt Drop (52),"Using mV/A/m=18, Ib=20A, length=15m, the approximate voltage drop is:",1.8V,5.4V,18V,27V,B,5.4V,(18×20×15)/1000 = 5.4V.
75,Cables & Volt Drop (52),The minimum copper line conductor csa generally quoted for a fixed power circuit is:,1.0 mm²,1.5 mm²,2.5 mm²,4.0 mm²,C,2.5 mm²,1.5mm² is typical for lighting; 2.5mm² is the common general minimum for power — always check the specific circuit and exceptions.
76,Cables & Volt Drop (52),"A cable through a timber joist, outside a permitted safe zone, must (522.6.201) be:",At any depth without restriction,"At least 50mm from the top/bottom of the joist, or otherwise protected against damage",Painted red for visibility,Run only in steel conduit,B,"At least 50mm from the top/bottom of the joist, or otherwise protected against damage",
77,Cables & Volt Drop (52),"A cable in a wall at less than 50mm depth, outside a safe zone, generally requires:",No additional protection,"Additional protection, typically 30mA RCD or robust mechanical protection",A different cable colour,A minimum csa of 10mm²,B,"Additional protection, typically 30mA RCD or robust mechanical protection",
78,Cables & Volt Drop (52),Safe zones for cables in walls are generally defined as bands:,"Within 150mm of a wall/ceiling junction or corner, or running directly to/from an accessory",Only at the centre of the wall,At floor level only,There are no defined safe zones,A,"Within 150mm of a wall/ceiling junction or corner, or running directly to/from an accessory",
79,Cables & Volt Drop (52),"For a single-phase a.c. installation, the line conductor core colour is:",Blue,Brown,Green/yellow,Black,B,Brown,
80,Cables & Volt Drop (52),The protective (earth) conductor is identified by:,Brown insulation,Blue insulation,Green-and-yellow bi-colour combination,Black insulation,C,Green-and-yellow bi-colour combination,
81,Cables & Volt Drop (52),"For a DC circuit, the colour identification for the positive conductor (L+) is:",Blue,Grey,Brown,Black,C,Brown,DC positive is Brown; DC negative is Grey.
82,Earthing & Bonding (54),"In a TN-S system, the earth path back to source is provided by:",A separate local earth electrode only,The metallic sheath/armour of the supply cable,A PEN conductor,There is no earth path,B,The metallic sheath/armour of the supply cable,
83,Earthing & Bonding (54),"In a TN-C-S system, within the installation the neutral and protective functions are:",Combined throughout,Combined only on the supply side (PEN); separated into N and cpc within the installation,Never combined anywhere,Provided by a local electrode,B,Combined only on the supply side (PEN); separated into N and cpc within the installation,
84,Earthing & Bonding (54),Main protective bonding connects extraneous-conductive-parts to:,The neutral bar directly,The main earthing terminal,The nearest socket outlet,Nothing — it's optional,B,The main earthing terminal,
85,Earthing & Bonding (54),The minimum copper-equivalent csa for main protective bonding per Table 54.8 is:,2.5 mm²,6 mm²,10 mm²,16 mm²,B,6 mm²,"6mm² is the BS 7671 table minimum, though DNOs often specify 10mm² in practice on PME supplies."
86,Earthing & Bonding (54),Supplementary bonding conductors NOT mechanically protected need a minimum csa of:,1.5 mm²,2.5 mm²,4 mm²,6 mm²,C,4 mm²,
87,Earthing & Bonding (54),Supplementary bonding conductors that ARE mechanically protected need a minimum csa of:,1.0 mm²,2.5 mm²,4 mm²,6 mm²,B,2.5 mm²,
88,Earthing & Bonding (54),A warning notice at a bonding connection should read:,"""Danger – Live Parts""","""Safety Electrical Connection – Do Not Remove""","""Earth – Test Point Only""","""Isolate Before Use""",B,"""Safety Electrical Connection – Do Not Remove""",
89,Earthing & Bonding (54),Zs = Ze + (R1+R2) means:,Zs is independent of the circuit's protective conductor resistance,Total loop impedance = external impedance + line and cpc resistance within the circuit,R1 and R2 refer to two separate earth electrodes,Ze is measured after the circuit is wired,B,Total loop impedance = external impedance + line and cpc resistance within the circuit,
90,Earthing & Bonding (54),Which system relies on the general mass of earth rather than a metallic path back to the source?,TN-S,TN-C-S,TT,None — all use a local electrode,C,TT,
91,Earthing & Bonding (54),A PEN conductor is:,"A conductor combining protective conductor and neutral functions, used by the DNO in PME systems",A type of bonding conductor only,Only used in TT systems,A conductor used exclusively in SELV circuits,A,"A conductor combining protective conductor and neutral functions, used by the DNO in PME systems",
92,Earthing & Bonding (54),"Under an ""open PEN"" fault on a PME supply, exposed-conductive-parts can become:",Completely safe with no risk,Live at a dangerous voltage relative to true earth,Automatically disconnected instantly with no further action,Irrelevant to the design,B,Live at a dangerous voltage relative to true earth,
93,Earthing & Bonding (54),Which is generally NOT acceptable as the sole means of earthing for a TT installation?,A driven earth rod/electrode,An earth mat or plate electrode,Reliance on the metallic water service pipe alone,A properly designed earth electrode system,C,Reliance on the metallic water service pipe alone,
94,Earthing & Bonding (54),"Bonding of simultaneously-accessible exposed and extraneous parts, beyond main bonding, is called:",Main protective bonding,Supplementary (equipotential) bonding,Functional earthing,Isolation,B,Supplementary (equipotential) bonding,
95,Earthing & Bonding (54),"Functional earthing (Section 545, revised by A4) is provided:",For electric shock protection only,"For correct equipment operation and EMC, distinct from protective earthing",Only in agricultural locations,"Instead of protective earthing, replacing it",B,"For correct equipment operation and EMC, distinct from protective earthing",
96,Inspection & Testing (Pt 6),Initial verification of a new installation comprises:,Inspection only,Testing only,"Inspection followed by testing (dead tests, then live tests)",A visual check by the customer,C,"Inspection followed by testing (dead tests, then live tests)",
97,Inspection & Testing (Pt 6),Which test is normally carried out FIRST in the dead-test sequence?,Earth fault loop impedance,Continuity of protective conductors (incl. bonding),RCD operation,Insulation resistance,B,Continuity of protective conductors (incl. bonding),
98,Inspection & Testing (Pt 6),A ring final circuit continuity test (figure-of-eight method) confirms:,The RCD operates correctly,"No breaks or crossed connections in the ring, and correct polarity at each outlet",Voltage drop only,Earth electrode resistance,B,"No breaks or crossed connections in the ring, and correct polarity at each outlet",
99,Inspection & Testing (Pt 6),Insulation resistance testing on a circuit up to 500V is typically carried out at:,"250V, minimum 0.5 MΩ","500V DC, minimum 1.0 MΩ","1000V, minimum 1.0 MΩ","50V, minimum 2.0 MΩ",B,"500V DC, minimum 1.0 MΩ",
100,Inspection & Testing (Pt 6),"For SELV/PELV circuits, insulation resistance testing is typically carried out at:","250V DC, minimum 0.5 MΩ","500V DC, minimum 1.0 MΩ","1000V DC, minimum 2.0 MΩ",No test is required,A,"250V DC, minimum 0.5 MΩ",
101,Inspection & Testing (Pt 6),"Before insulation resistance testing, you should typically:",Nothing extra is needed,Disconnect/isolate voltage-sensitive electronics that could be damaged by the test voltage,Switch all RCDs to test position,Remove all fuses only,B,Disconnect/isolate voltage-sensitive electronics that could be damaged by the test voltage,
102,Inspection & Testing (Pt 6),Polarity verification confirms that:,The voltage is correct,"Single-pole devices switch the line conductor, and lampholder centre-pins connect to line not neutral",The RCD trips within the correct time,Cable colour matches wall colour,B,"Single-pole devices switch the line conductor, and lampholder centre-pins connect to line not neutral",
103,Inspection & Testing (Pt 6),Ze (external earth fault loop impedance) is measured:,"With main switch closed, main bonding in place, and the earthing conductor temporarily disconnected from the MET",With the supply completely disconnected,Only at socket outlets,"It cannot be measured, only calculated",A,"With main switch closed, main bonding in place, and the earthing conductor temporarily disconnected from the MET",
104,Inspection & Testing (Pt 6),A general-purpose RCD tested at its rated residual current (IΔn) should disconnect within:,40ms,300ms,1s,5s,B,300ms,
105,Inspection & Testing (Pt 6),"The same RCD, tested at 5×IΔn, should disconnect within:",40ms,150ms,300ms,500ms,A,40ms,
106,Inspection & Testing (Pt 6),An Electrical Installation Certificate (EIC) is used for:,Periodic inspection of an existing installation,"New installation work, or an addition/alteration including a new circuit",Minor alterations not involving a new circuit,PAT testing,B,"New installation work, or an addition/alteration including a new circuit",
107,Inspection & Testing (Pt 6),A Minor Electrical Installation Works Certificate is appropriate for:,A brand-new consumer unit installation,Additions/alterations that do NOT include a new circuit,A full rewire,Any periodic inspection,B,Additions/alterations that do NOT include a new circuit,
108,Inspection & Testing (Pt 6),An Electrical Installation Condition Report (EICR) is used to:,Certify new installation work,Report on the condition of an existing installation following periodic inspection,Replace the need for an EIC on new work,Certify PAT-tested appliances,B,Report on the condition of an existing installation following periodic inspection,
109,Inspection & Testing (Pt 6),"Observation code ""C1"" on an EICR means:",Improvement recommended,Potentially dangerous — urgent remedial action required,Danger present — immediate remedial action required,Further investigation required,C,Danger present — immediate remedial action required,
110,Inspection & Testing (Pt 6),"Observation code ""C2"" on an EICR means:",Danger present — immediate action required,Potentially dangerous — urgent remedial action required,"Improvement recommended, not presently dangerous","Compliant, no action needed",B,Potentially dangerous — urgent remedial action required,
111,Inspection & Testing (Pt 6),"Observation code ""FI"" on an EICR indicates:","""Fully Inspected"" — a pass code",Further investigation required without delay,The installation failed entirely,The fuse is incorrect,B,Further investigation required without delay,
112,Inspection & Testing (Pt 6),The typical maximum recommended interval before the next EICR for an owner-occupied domestic dwelling is generally:,1 year,3 years,"10 years, or at change of occupancy",25 years,C,"10 years, or at change of occupancy",
113,Inspection & Testing (Pt 6),"Under the Electrical Safety Standards in the Private Rented Sector Regulations, landlords in England must have an EICR at intervals not exceeding:",1 year,"5 years, or sooner as required",10 years,There is no requirement,B,"5 years, or sooner as required",
114,Special Locations (Pt 7),"In a bathroom (701), Zone 0 is defined as:",The area more than 3m from the bath,The interior of the bath tub or shower basin itself,The whole bathroom floor,Only the area under the sink,B,The interior of the bath tub or shower basin itself,
115,Special Locations (Pt 7),Zone 1 in a bathroom extends broadly to:,"Above zone 0 up to 2.25m from the floor, within the bath/shower boundary",The entire room,3m in every direction,Only above the shower head,A,"Above zone 0 up to 2.25m from the floor, within the bath/shower boundary",
116,Special Locations (Pt 7),The minimum IP rating required for equipment in Zone 0 of a bathroom is:,IPX4,IPX5,IPX7,No rating required,C,IPX7,
117,Special Locations (Pt 7),"Supplementary bonding in a bathroom may be omitted, provided (among other conditions):",The room has a window,"All final circuits meet 411.3.2 disconnection times, have 30mA RCD protection, and main bonding is in place",The homeowner agrees in writing,It may never be omitted,B,"All final circuits meet 411.3.2 disconnection times, have 30mA RCD protection, and main bonding is in place",
118,Special Locations (Pt 7),"In a swimming pool location (702), Zone 0 covers:",The interior of the pool basin,The whole pool hall,A 2m perimeter around the pool,Only underwater lighting,A,The interior of the pool basin,
119,Special Locations (Pt 7),"For a pool with a diving board, Zone 1 typically extends vertically above the board to around:",1.0m,1.5m,2.5m,4.0m,C,2.5m,
120,Special Locations (Pt 7),"In a sauna (703), Zone 1 is generally the space:",More than 2m above the floor,"From floor level up to around 1.0m, near the heater",Only inside the heater casing,Outside the sauna cabin,B,"From floor level up to around 1.0m, near the heater",
121,Special Locations (Pt 7),Sauna Zone 3 generally starts:,At floor level,Above around the 1.0m mark,Only above 3m,There is no Zone 3 in saunas,B,Above around the 1.0m mark,
122,Special Locations (Pt 7),Construction sites (704) typically use 110V CTE for portable tools because:,It looks different from permanent supplies,"It halves the shock voltage to earth (55V) in harsh, damp conditions",It is cheaper to install,BS 7671 does not address construction sites,B,"It halves the shock voltage to earth (55V) in harsh, damp conditions",
123,Special Locations (Pt 7),Agricultural/horticultural premises (705) require additional RCD protection because:,"Livestock can be more sensitive to shock, and the environment is damp/corrosive",There is no additional risk,Animals are unaffected by electricity,Section 705 only applies to arable farms,A,"Livestock can be more sensitive to shock, and the environment is damp/corrosive",
124,Special Locations (Pt 7),A caravan pitch electrical supply (708) is typically provided via:,A hardwired connection with no plug,"A weatherproof socket-outlet per pitch (commonly 16A), individually RCD-protected",A 13A domestic socket with no RCD,"A shared, unprotected supply",B,"A weatherproof socket-outlet per pitch (commonly 16A), individually RCD-protected",
125,Special Locations (Pt 7),The flexible cable connecting a caravan to its pitch supply should have a minimum csa of around:,1.0 mm²,1.5 mm²,2.5 mm²,4.0 mm²,C,2.5 mm²,
126,Special Locations (Pt 7),Marina (709) socket-outlets supplying pontoons/berths should be:,Standard sockets with no special consideration,"Individually 30mA RCD-protected, suitably rated for the marine environment",Fed from a single shared unprotected circuit,Prohibited under BS 7671,B,"Individually 30mA RCD-protected, suitably rated for the marine environment",
127,Special Locations (Pt 7),Medical locations (710) often use an IT system in higher-risk 'Group 2' areas primarily because:,It is cheaper,"A first fault doesn't force immediate disconnection, so life-support equipment can keep running",It removes the need for any earthing,IT systems are mandatory in all medical rooms,B,"A first fault doesn't force immediate disconnection, so life-support equipment can keep running",
128,Special Locations (Pt 7),Amendment 4 revised Section 710 (medical locations) primarily around:,Removing the requirement for supplementary bonding entirely,Enhanced supplementary bonding procedures and a schedule for recording resistance measurements,Banning IT systems in hospitals,Reducing disconnection times to zero,B,Enhanced supplementary bonding procedures and a schedule for recording resistance measurements,
129,Special Locations (Pt 7),Solar PV (712) DC-side installations need particular care because:,"DC arcs can be harder to extinguish, and can't be switched off at will while illuminated",DC has no associated shock risk,PV systems never produce DC,There is no specific PV guidance in BS 7671,A,"DC arcs can be harder to extinguish, and can't be switched off at will while illuminated",
130,Special Locations (Pt 7),"For EV charging (722) on a PME supply, a key safety concern is:",Voltage drop only,Open-PEN fault risk making vehicle metalwork dangerously live — addressed by open-PEN detection or a TT arrangement,Cable colour,PME supplies need no special measures for EV charging,B,Open-PEN fault risk making vehicle metalwork dangerously live — addressed by open-PEN detection or a TT arrangement,
131,Special Locations (Pt 7),RCD protection for an EV charge point commonly addresses smooth DC leakage by using:,A Type AC RCD only,"A Type B RCD, or Type A plus a 6mA DC RDC-DD",No RCD at all,A time-delayed (S-type) RCD only,B,"A Type B RCD, or Type A plus a 6mA DC RDC-DD",
132,Special Locations (Pt 7),Temporary installations at exhibitions/fairgrounds require:,No RCD protection because they're temporary,"30mA RCD protection on socket-outlet/public-accessible circuits, equipment out of arm's reach where relevant",Only three-phase supplies,Permanent wiring methods only,B,"30mA RCD protection on socket-outlet/public-accessible circuits, equipment out of arm's reach where relevant",
133,Special Locations (Pt 7),"Restrictive conductive locations (706), e.g. inside a metal tank, impose extra precautions mainly because:","Body resistance is effectively reduced by extensive contact with earthed metal, raising shock risk",There is no additional risk in confined metal spaces,It only relates to gas installations,The location is always outdoors,A,"Body resistance is effectively reduced by extensive contact with earthed metal, raising shock risk",
134,Prosumer & Amendment 4,A prosumer's low-voltage installation (Part 8) is one that:,Only consumes electricity,Both consumes AND can generate/store/potentially export electricity,Has no connection to the public supply,Is only found in industrial premises,B,Both consumes AND can generate/store/potentially export electricity,
135,Prosumer & Amendment 4,An EEMS (Electrical Energy Management System) is used to:,Physically rewire an installation,"Monitor and control generation, storage and consumption, potentially including automatic disconnection",Replace the main switch,Only measure voltage drop,B,"Monitor and control generation, storage and consumption, potentially including automatic disconnection",
136,Prosumer & Amendment 4,"A PEI (Power Electronic Interface, e.g. a PV/battery inverter) needs a suitable means of earthing in island mode because:",Island mode never occurs,"When disconnected from the DNO, the normal PME earth reference is unavailable, so an alternative is needed",Earthing is never required for inverters,It only applies to three-phase inverters,B,"When disconnected from the DNO, the normal PME earth reference is unavailable, so an alternative is needed",
137,Prosumer & Amendment 4,Amendment 4 introduced a completely new Chapter 57 covering:,Voltage drop,"Stationary secondary batteries (BESS) — siting, ventilation, fire risk, isolation",Cable colours,SELV circuits,B,"Stationary secondary batteries (BESS) — siting, ventilation, fire risk, isolation",
138,Prosumer & Amendment 4,"Amendment 4 introduced a new Section 716, addressing:",Swimming pools,Power over Ethernet — thermal/derating where data cables carry DC power,Agricultural premises,Fire alarm systems,B,Power over Ethernet — thermal/derating where data cables carry DC power,
139,Prosumer & Amendment 4,Amendment 4 introduced a new Chapter 81 covering:,An energy-efficiency assessment framework for LV installations,Emergency lighting only,Lightning protection,Data cabling standards,A,An energy-efficiency assessment framework for LV installations,
140,Prosumer & Amendment 4,BS 7671 Amendment 4:2026 was published on:,1 January 2026,15 April 2026,1 July 2026,31 December 2026,B,15 April 2026,
141,Prosumer & Amendment 4,Chapter 57 guidance generally advises stationary secondary batteries should NOT be sited:,In a garage,"In roof spaces, due to detection, ventilation and fire-containment challenges",On an external wall,In a purpose-designed enclosure,B,"In roof spaces, due to detection, ventilation and fire-containment challenges",
142,Prosumer & Amendment 4,Which of these originates from Amendment 2:2022 rather than Amendment 4:2026?,Chapter 57 (batteries),Section 716 (PoE),AFDD requirements (421.1.7) and the original Part 8 prosumer provisions,Chapter 81 (energy efficiency),C,AFDD requirements (421.1.7) and the original Part 8 prosumer provisions,
143,Calculations,"A circuit has Ze=0.35Ω, R1=0.10Ω, R2=0.16Ω. What is Zs?",0.35Ω,0.51Ω,0.61Ω,0.26Ω,C,0.61Ω,Zs = 0.35 + (0.10+0.16) = 0.61Ω.
144,Calculations,"A device has In=20A. After all rating factors, Iz=18.5A, and Ib=17A. Is Ib≤In≤Iz satisfied?",Yes — 17≤20≤18.5 is satisfied,No — In (20A) exceeds Iz (18.5A),"It's irrelevant, only Ib matters","Yes, because Ib is less than In",B,No — In (20A) exceeds Iz (18.5A),"In must not exceed Iz — here 20A>18.5A, so a larger cable or smaller device is needed."
145,Calculations,"A cable has It=27A. Applying Cg=0.8 and Ca=0.94, what is Iz?",20.3A,22.7A,25.4A,27.0A,A,20.3A,27×0.94×0.8 = 20.3A.
146,Calculations,"Adiabatic check: I=800A, t=0.2s, k=143. Minimum csa required?",1.9 mm²,2.5 mm²,3.6 mm²,5.0 mm²,B,2.5 mm²,√(800²×0.2)=√128000≈357.8; 357.8/143≈2.5mm².
147,Calculations,"A 25m run carries 15A design current, with a tabulated 11 mV/A/m. What's the voltage drop, and does it meet a 5% (11.5V) limit on 230V?",4.1V — complies,4.1V — does not comply,41V — does not comply,16.5V — does not comply,A,4.1V — complies,"(11×15×25)/1000=4.125V, below the 11.5V limit."
148,Calculations,"Measured R1+R2=0.42Ω, Ze=0.30Ω. What is the calculated Zs?",0.12Ω,0.42Ω,0.72Ω,0.30Ω,C,0.72Ω,Zs = 0.30+0.42 = 0.72Ω.
149,Calculations,"A ring's line conductor end-to-end resistance (r1) measures 0.8Ω, with r1=rn=r2. What would you expect the line-cpc reading at the ring's midpoint socket to be roughly?","Approximately 0.2Ω, per the standard cross-connection ring test method",Exactly 0.8Ω,Exactly 1.6Ω,0Ω,A,"Approximately 0.2Ω, per the standard cross-connection ring test method","The standard ring test should give a broadly consistent reading around a quarter of (r1+r2) at the midpoint, confirming no break."
150,Calculations,"For a three-phase balanced load, the design current Ib used to select a device is:","Checked per line conductor, based on the current that conductor actually carries","Only the total three-phase power, never per-line current",Irrelevant — three-phase never needs overcurrent protection,Irrelevant to voltage drop,A,"Checked per line conductor, based on the current that conductor actually carries",
151,Calculations,A calculation gives a required csa of 4.3mm². The size you must select is:,"4.0mm² (round down, close enough)",6.0mm² (round up to the next standard size at or above the minimum),Either is acceptable,2.5mm²,B,6.0mm² (round up to the next standard size at or above the minimum),The selected csa must never be below the calculated minimum.
152,Calculations,"Two RCDs in series (100mA time-delayed main, 30mA instantaneous final circuit) achieve discrimination, meaning:",Both will always trip simultaneously,"Under a final-circuit fault, only the 30mA device should operate, leaving the rest energised",Discrimination isn't possible with RCDs,The 100mA device is redundant,B,"Under a final-circuit fault, only the 30mA device should operate, leaving the rest energised",
